Epoch, Batch, LR, Loss, BatchAccuracy, EpochAccuracy, TotalAccuracy, TestAccuracy
1, 1, 0.01, 2.2505, 0.333, 0.333, 0.333, 0.000
1, 2, 0.01, 2.4076, 0.000, 0.167, 0.167, 0.000
1, 3, 0.01, 2.2263, 0.333, 0.222, 0.222, 0.000
1, 4, 0.01, 2.3023, 0.000, 0.167, 0.167, 0.000
1, 5, 0.01, 2.2003, 0.333, 0.200, 0.200, 0.000
1, 6, 0.01, 1.9834, 0.333, 0.222, 0.222, 0.000
1, 7, 0.01, 2.0855, 0.333, 0.238, 0.238, 0.000
1, 8, 0.01, 2.8671, 0.000, 0.208, 0.208, 0.000
1, 9, 0.01, 2.3620, 0.000, 0.185, 0.185, 0.000
1, 10, 0.01, 2.3967, 0.333, 0.200, 0.200, 0.000
1, 11, 0.01, 2.9721, 0.000, 0.182, 0.182, 0.000
1, 12, 0.01, 2.2963, 0.000, 0.167, 0.167, 0.000
1, 13, 0.01, 2.0746, 0.333, 0.179, 0.179, 0.000
1, 14, 0.01, 2.3977, 0.000, 0.167, 0.167, 0.000
1, 15, 0.01, 2.3396, 0.333, 0.178, 0.178, 0.000
1, 16, 0.01, 2.5161, 0.000, 0.167, 0.167, 0.000
1, 17, 0.01, 2.3227, 0.333, 0.176, 0.176, 0.000
1, 18, 0.01, 2.4703, 0.000, 0.167, 0.167, 0.000
1, 19, 0.01, 2.4150, 0.000, 0.158, 0.158, 0.000
1, 20, 0.01, 2.4298, 0.000, 0.150, 0.150, 0.000
1, 21, 0.01, 2.3685, 0.000, 0.143, 0.143, 0.000
1, 22, 0.01, 2.3594, 0.000, 0.136, 0.136, 0.000
1, 23, 0.01, 2.2890, 0.333, 0.145, 0.145, 0.000
1, 24, 0.01, 2.2808, 0.333, 0.153, 0.153, 0.000
1, 25, 0.01, 2.3091, 0.000, 0.147, 0.147, 0.000
1, 26, 0.01, 2.3661, 0.000, 0.141, 0.141, 0.000
1, 27, 0.01, 2.2759, 0.333, 0.148, 0.148, 0.000
1, 28, 0.01, 2.3402, 0.000, 0.143, 0.143, 0.000
1, 29, 0.01, 2.3306, 0.000, 0.138, 0.138, 0.000
1, 30, 0.01, 2.3249, 0.000, 0.133, 0.133, 0.000
1, 31, 0.01, 2.2915, 0.333, 0.140, 0.140, 0.000
1, 32, 0.01, 2.2883, 0.333, 0.146, 0.146, 0.000
1, 33, 0.01, 2.2571, 0.000, 0.141, 0.141, 0.000
1, 34, 0.01, 2.2651, 0.333, 0.147, 0.147, 0.000
1, 35, 0.01, 2.2602, 0.667, 0.162, 0.162, 0.000
1, 36, 0.01, 2.3457, 0.000, 0.157, 0.157, 0.000
1, 37, 0.01, 2.1516, 0.667, 0.171, 0.171, 0.000
1, 38, 0.01, 2.3875, 0.000, 0.167, 0.167, 0.000
1, 39, 0.01, 2.2625, 0.000, 0.162, 0.162, 0.000
1, 40, 0.01, 2.2627, 0.000, 0.158, 0.158, 0.000
1, 41, 0.01, 2.2761, 0.000, 0.154, 0.154, 0.000
1, 42, 0.01, 2.3978, 0.000, 0.151, 0.151, 0.000
1, 43, 0.01, 2.3594, 0.000, 0.147, 0.147, 0.000
1, 44, 0.01, 2.2870, 0.000, 0.144, 0.144, 0.000
1, 45, 0.01, 2.3462, 0.000, 0.141, 0.141, 0.000
1, 46, 0.01, 2.2558, 0.000, 0.138, 0.138, 0.000
1, 47, 0.01, 2.1821, 0.000, 0.135, 0.135, 0.000
1, 48, 0.01, 2.3476, 0.000, 0.132, 0.132, 0.000
1, 49, 0.01, 2.3818, 0.000, 0.129, 0.129, 0.000
1, 50, 0.01, 2.3366, 0.000, 0.127, 0.127, 0.000
1, 51, 0.01, 2.0657, 0.000, 0.124, 0.124, 0.000
1, 52, 0.01, 2.2801, 0.333, 0.128, 0.128, 0.000
1, 53, 0.01, 2.2845, 0.333, 0.132, 0.132, 0.000
1, 54, 0.01, 2.5562, 0.000, 0.130, 0.130, 0.000
1, 55, 0.01, 2.7420, 0.000, 0.127, 0.127, 0.000
1, 56, 0.01, 2.5469, 0.000, 0.125, 0.125, 0.000
1, 57, 0.01, 2.5647, 0.000, 0.123, 0.123, 0.000
1, 58, 0.01, 2.2958, 0.000, 0.121, 0.121, 0.000
1, 59, 0.01, 2.4427, 0.000, 0.119, 0.119, 0.000
1, 60, 0.01, 2.2906, 0.000, 0.117, 0.117, 0.000
1, 61, 0.01, 2.3016, 0.000, 0.115, 0.115, 0.000
1, 62, 0.01, 2.3996, 0.000, 0.113, 0.113, 0.000
1, 63, 0.01, 2.3520, 0.000, 0.111, 0.111, 0.000
1, 64, 0.01, 2.3218, 0.000, 0.109, 0.109, 0.000
1, 65, 0.01, 2.2327, 0.000, 0.108, 0.108, 0.000
1, 66, 0.01, 2.3760, 0.000, 0.106, 0.106, 0.000
1, 67, 0.01, 2.2033, 0.333, 0.109, 0.109, 0.000
1, 68, 0.01, 2.3257, 0.000, 0.108, 0.108, 0.000
1, 69, 0.01, 2.2354, 0.000, 0.106, 0.106, 0.000
1, 70, 0.01, 2.2882, 0.333, 0.110, 0.110, 0.000
1, 71, 0.01, 2.3148, 0.000, 0.108, 0.108, 0.000
1, 72, 0.01, 2.3918, 0.000, 0.106, 0.106, 0.000
1, 73, 0.01, 2.2441, 0.000, 0.105, 0.105, 0.000
1, 74, 0.01, 2.2577, 0.000, 0.104, 0.104, 0.000
1, 75, 0.01, 2.2185, 0.000, 0.102, 0.102, 0.000
1, 76, 0.01, 2.2304, 0.000, 0.101, 0.101, 0.000
1, 77, 0.01, 2.2003, 0.000, 0.100, 0.100, 0.000
1, 78, 0.01, 2.3094, 0.000, 0.098, 0.098, 0.000
1, 79, 0.01, 2.2418, 0.667, 0.105, 0.105, 0.000
1, 80, 0.01, 2.3532, 0.000, 0.104, 0.104, 0.000
1, 81, 0.01, 2.3622, 0.000, 0.103, 0.103, 0.000
1, 82, 0.01, 2.4252, 0.333, 0.106, 0.106, 0.000
1, 83, 0.01, 2.3800, 0.000, 0.104, 0.104, 0.000
1, 84, 0.01, 2.1726, 0.000, 0.103, 0.103, 0.000
1, 85, 0.01, 2.3843, 0.000, 0.102, 0.102, 0.000
1, 86, 0.01, 2.2535, 0.000, 0.101, 0.101, 0.000
1, 87, 0.01, 2.5440, 0.000, 0.100, 0.100, 0.000
1, 88, 0.01, 2.5160, 0.000, 0.098, 0.098, 0.000
1, 89, 0.01, 2.1736, 0.333, 0.101, 0.101, 0.000
1, 90, 0.01, 2.3808, 0.000, 0.100, 0.100, 0.000
1, 91, 0.01, 2.2005, 0.000, 0.099, 0.099, 0.000
1, 92, 0.01, 2.4364, 0.000, 0.098, 0.098, 0.000
1, 93, 0.01, 2.1976, 0.667, 0.104, 0.104, 0.000
1, 94, 0.01, 2.4719, 0.000, 0.103, 0.103, 0.000
1, 95, 0.01, 2.4464, 0.000, 0.102, 0.102, 0.000
1, 96, 0.01, 2.4994, 0.000, 0.101, 0.101, 0.000
1, 97, 0.01, 2.3519, 0.000, 0.100, 0.100, 0.000
1, 98, 0.01, 2.2999, 0.000, 0.099, 0.099, 0.000
1, 99, 0.01, 2.2392, 0.333, 0.101, 0.101, 0.000
1, 100, 0.01, 2.3018, 0.000, 0.100, 0.100, 0.000
1, 101, 0.01, 2.1938, 0.000, 0.099, 0.099, 0.000
1, 102, 0.01, 2.3547, 0.000, 0.098, 0.098, 0.000
1, 103, 0.01, 2.2910, 0.000, 0.097, 0.097, 0.000
1, 104, 0.01, 2.3770, 0.000, 0.096, 0.096, 0.000
1, 105, 0.01, 2.2985, 0.333, 0.098, 0.098, 0.000
1, 106, 0.01, 2.3752, 0.000, 0.097, 0.097, 0.000
1, 107, 0.01, 2.2996, 0.333, 0.100, 0.100, 0.000
1, 108, 0.01, 2.3565, 0.000, 0.099, 0.099, 0.000
1, 109, 0.01, 2.3486, 0.000, 0.098, 0.098, 0.000
1, 110, 0.01, 2.2399, 0.333, 0.100, 0.100, 0.000
1, 111, 0.01, 2.3502, 0.000, 0.099, 0.099, 0.000
1, 112, 0.01, 2.3346, 0.000, 0.098, 0.098, 0.000
1, 113, 0.01, 2.2213, 0.333, 0.100, 0.100, 0.000
1, 114, 0.01, 2.2459, 0.000, 0.099, 0.099, 0.000
1, 115, 0.01, 2.2020, 0.333, 0.101, 0.101, 0.000
1, 116, 0.01, 2.2436, 0.333, 0.103, 0.103, 0.000
1, 117, 0.01, 2.1722, 0.333, 0.105, 0.105, 0.000
1, 118, 0.01, 2.3593, 0.000, 0.105, 0.105, 0.000
1, 119, 0.01, 2.2570, 0.333, 0.106, 0.106, 0.000
1, 120, 0.01, 2.2778, 0.000, 0.106, 0.106, 0.000
1, 121, 0.01, 2.4168, 0.000, 0.105, 0.105, 0.000
1, 122, 0.01, 2.3341, 0.333, 0.107, 0.107, 0.000
1, 123, 0.01, 2.2343, 0.333, 0.108, 0.108, 0.000
1, 124, 0.01, 2.4855, 0.000, 0.108, 0.108, 0.000
1, 125, 0.01, 2.4771, 0.000, 0.107, 0.107, 0.000
1, 126, 0.01, 2.4238, 0.000, 0.106, 0.106, 0.000
1, 127, 0.01, 2.3826, 0.000, 0.105, 0.105, 0.000
1, 128, 0.01, 2.3097, 0.333, 0.107, 0.107, 0.000
1, 129, 0.01, 2.4289, 0.000, 0.106, 0.106, 0.000
1, 130, 0.01, 2.4683, 0.000, 0.105, 0.105, 0.000
1, 131, 0.01, 2.2837, 0.000, 0.104, 0.104, 0.000
1, 132, 0.01, 2.4182, 0.000, 0.104, 0.104, 0.000
1, 133, 0.01, 2.3584, 0.000, 0.103, 0.103, 0.000
1, 134, 0.01, 2.3367, 0.000, 0.102, 0.102, 0.000
1, 135, 0.01, 2.3552, 0.000, 0.101, 0.101, 0.000
1, 136, 0.01, 2.4281, 0.000, 0.100, 0.100, 0.000
1, 137, 0.01, 2.2888, 0.000, 0.100, 0.100, 0.000
1, 138, 0.01, 2.3517, 0.000, 0.099, 0.099, 0.000
1, 139, 0.01, 2.2559, 0.000, 0.098, 0.098, 0.000
1, 140, 0.01, 2.3220, 0.000, 0.098, 0.098, 0.000
1, 141, 0.01, 2.3513, 0.000, 0.097, 0.097, 0.000
1, 142, 0.01, 2.3534, 0.000, 0.096, 0.096, 0.000
1, 143, 0.01, 2.2943, 0.333, 0.098, 0.098, 0.000
1, 144, 0.01, 2.3250, 0.000, 0.097, 0.097, 0.000
1, 145, 0.01, 2.3126, 0.333, 0.099, 0.099, 0.000
1, 146, 0.01, 2.2833, 0.333, 0.100, 0.100, 0.000
1, 147, 0.01, 2.2491, 0.333, 0.102, 0.102, 0.000
1, 148, 0.01, 2.2660, 0.333, 0.104, 0.104, 0.000
1, 149, 0.01, 2.2770, 0.000, 0.103, 0.103, 0.000
1, 150, 0.01, 2.2490, 0.000, 0.102, 0.102, 0.000
1, 151, 0.01, 2.1454, 0.667, 0.106, 0.106, 0.000
1, 152, 0.01, 2.3171, 0.000, 0.105, 0.105, 0.000
1, 153, 0.01, 2.3170, 0.000, 0.105, 0.105, 0.000
1, 154, 0.01, 2.3179, 0.333, 0.106, 0.106, 0.000
1, 155, 0.01, 2.3105, 0.000, 0.105, 0.105, 0.000
1, 156, 0.01, 2.4461, 0.000, 0.105, 0.105, 0.000
1, 157, 0.01, 2.2956, 0.000, 0.104, 0.104, 0.000
1, 158, 0.01, 2.3796, 0.333, 0.105, 0.105, 0.000
1, 159, 0.01, 2.3216, 0.000, 0.105, 0.105, 0.000
1, 160, 0.01, 2.1434, 0.000, 0.104, 0.104, 0.000
1, 161, 0.01, 2.3453, 0.000, 0.104, 0.104, 0.000
1, 162, 0.01, 2.3016, 0.333, 0.105, 0.105, 0.000
1, 163, 0.01, 2.1088, 0.333, 0.106, 0.106, 0.000
1, 164, 0.01, 2.4906, 0.000, 0.106, 0.106, 0.000
1, 165, 0.01, 2.1727, 0.333, 0.107, 0.107, 0.000
1, 166, 0.01, 2.4474, 0.000, 0.106, 0.106, 0.000
1, 167, 0.01, 2.2795, 0.000, 0.106, 0.106, 0.000
1, 168, 0.01, 2.3313, 0.000, 0.105, 0.105, 0.000
1, 169, 0.01, 2.1663, 0.000, 0.105, 0.105, 0.000
1, 170, 0.01, 2.4201, 0.000, 0.104, 0.104, 0.000
1, 171, 0.01, 2.3208, 0.000, 0.103, 0.103, 0.000
1, 172, 0.01, 2.6694, 0.000, 0.103, 0.103, 0.000
1, 173, 0.01, 2.4626, 0.000, 0.102, 0.102, 0.000
1, 174, 0.01, 2.3760, 0.000, 0.102, 0.102, 0.000
1, 175, 0.01, 2.3688, 0.000, 0.101, 0.101, 0.000
1, 176, 0.01, 2.4658, 0.000, 0.100, 0.100, 0.000
1, 177, 0.01, 2.4615, 0.000, 0.100, 0.100, 0.000
1, 178, 0.01, 2.1733, 0.667, 0.103, 0.103, 0.000
1, 179, 0.01, 2.2698, 0.667, 0.106, 0.106, 0.000
1, 180, 0.01, 2.3373, 0.000, 0.106, 0.106, 0.000
1, 181, 0.01, 2.3446, 0.000, 0.105, 0.105, 0.000
1, 182, 0.01, 2.3290, 0.000, 0.104, 0.104, 0.000
1, 183, 0.01, 2.4339, 0.000, 0.104, 0.104, 0.000
1, 184, 0.01, 2.2680, 0.333, 0.105, 0.105, 0.000
1, 185, 0.01, 2.1996, 0.333, 0.106, 0.106, 0.000
1, 186, 0.01, 2.2790, 0.000, 0.106, 0.106, 0.000
1, 187, 0.01, 2.3761, 0.000, 0.105, 0.105, 0.000
1, 188, 0.01, 2.3447, 0.000, 0.105, 0.105, 0.000
1, 189, 0.01, 2.3141, 0.000, 0.104, 0.104, 0.000
1, 190, 0.01, 2.4151, 0.000, 0.104, 0.104, 0.000
1, 191, 0.01, 2.2409, 0.333, 0.105, 0.105, 0.000
1, 192, 0.01, 2.2412, 0.333, 0.106, 0.106, 0.000
1, 193, 0.01, 2.3050, 0.000, 0.105, 0.105, 0.000
1, 194, 0.01, 2.2608, 0.333, 0.107, 0.107, 0.000
1, 195, 0.01, 2.2062, 0.000, 0.106, 0.106, 0.000
1, 196, 0.01, 2.2838, 0.000, 0.105, 0.105, 0.000
1, 197, 0.01, 2.4603, 0.000, 0.105, 0.105, 0.000
1, 198, 0.01, 2.2599, 0.333, 0.106, 0.106, 0.000
1, 199, 0.01, 2.4350, 0.000, 0.106, 0.106, 0.000
1, 200, 0.01, 2.2489, 0.333, 0.107, 0.107, 0.000
1, 201, 0.01, 2.4533, 0.000, 0.106, 0.106, 0.000
1, 202, 0.01, 2.3916, 0.333, 0.107, 0.107, 0.000
1, 203, 0.01, 2.3370, 0.000, 0.107, 0.107, 0.000
1, 204, 0.01, 2.4069, 0.000, 0.106, 0.106, 0.000
1, 205, 0.01, 2.2699, 0.333, 0.107, 0.107, 0.000
1, 206, 0.01, 2.3980, 0.000, 0.107, 0.107, 0.000
1, 207, 0.01, 2.2758, 0.333, 0.108, 0.108, 0.000
1, 208, 0.01, 2.3201, 0.333, 0.109, 0.109, 0.000
1, 209, 0.01, 2.3855, 0.000, 0.108, 0.108, 0.000
1, 210, 0.01, 2.3320, 0.000, 0.108, 0.108, 0.000
1, 211, 0.01, 2.3104, 0.000, 0.107, 0.107, 0.000
1, 212, 0.01, 2.1705, 0.333, 0.108, 0.108, 0.000
1, 213, 0.01, 2.2672, 0.000, 0.108, 0.108, 0.000
1, 214, 0.01, 2.2694, 0.333, 0.109, 0.109, 0.000
1, 215, 0.01, 2.4251, 0.000, 0.109, 0.109, 0.000
1, 216, 0.01, 2.2017, 0.333, 0.110, 0.110, 0.000
1, 217, 0.01, 2.1981, 0.000, 0.109, 0.109, 0.000
1, 218, 0.01, 2.3597, 0.000, 0.109, 0.109, 0.000
1, 219, 0.01, 2.4277, 0.000, 0.108, 0.108, 0.000
1, 220, 0.01, 2.3225, 0.333, 0.109, 0.109, 0.000
1, 221, 0.01, 2.2739, 0.333, 0.110, 0.110, 0.000
1, 222, 0.01, 2.2785, 0.000, 0.110, 0.110, 0.000
1, 223, 0.01, 2.1789, 0.000, 0.109, 0.109, 0.000
1, 224, 0.01, 2.1703, 0.333, 0.110, 0.110, 0.000
1, 225, 0.01, 2.2842, 0.000, 0.110, 0.110, 0.000
1, 226, 0.01, 2.2325, 0.333, 0.111, 0.111, 0.000
1, 227, 0.01, 2.2553, 0.333, 0.112, 0.112, 0.000
1, 228, 0.01, 2.2877, 0.000, 0.111, 0.111, 0.000
1, 229, 0.01, 2.5410, 0.000, 0.111, 0.111, 0.000
1, 230, 0.01, 2.3388, 0.000, 0.110, 0.110, 0.000
1, 231, 0.01, 2.5013, 0.000, 0.110, 0.110, 0.000
1, 232, 0.01, 2.3626, 0.000, 0.109, 0.109, 0.000
1, 233, 0.01, 2.0955, 0.333, 0.110, 0.110, 0.000
1, 234, 0.01, 2.0535, 0.000, 0.110, 0.110, 0.000
1, 235, 0.01, 2.3813, 0.000, 0.109, 0.109, 0.000
1, 236, 0.01, 2.1394, 0.667, 0.112, 0.112, 0.000
1, 237, 0.01, 2.6080, 0.000, 0.111, 0.111, 0.000
1, 238, 0.01, 2.3099, 0.333, 0.112, 0.112, 0.000
1, 239, 0.01, 2.2013, 0.000, 0.112, 0.112, 0.000
1, 240, 0.01, 2.4199, 0.000, 0.111, 0.111, 0.000
1, 241, 0.01, 2.1669, 0.667, 0.113, 0.113, 0.000
1, 242, 0.01, 2.4147, 0.000, 0.113, 0.113, 0.000
1, 243, 0.01, 2.4849, 0.000, 0.112, 0.112, 0.000
1, 244, 0.01, 2.5099, 0.000, 0.112, 0.112, 0.000
1, 245, 0.01, 2.4767, 0.000, 0.112, 0.112, 0.000
1, 246, 0.01, 2.2482, 0.333, 0.112, 0.112, 0.000
1, 247, 0.01, 2.4843, 0.000, 0.112, 0.112, 0.000
1, 248, 0.01, 2.1882, 0.333, 0.113, 0.113, 0.000
1, 249, 0.01, 2.1920, 0.333, 0.114, 0.114, 0.000
1, 250, 0.01, 2.3308, 0.000, 0.113, 0.113, 0.000
1, 251, 0.01, 2.3144, 0.000, 0.113, 0.113, 0.000
1, 252, 0.01, 2.3518, 0.000, 0.112, 0.112, 0.000
1, 253, 0.01, 2.2615, 0.000, 0.112, 0.112, 0.000
1, 254, 0.01, 2.3209, 0.000, 0.112, 0.112, 0.000
1, 255, 0.01, 2.3097, 0.000, 0.111, 0.111, 0.000
1, 256, 0.01, 2.2899, 0.000, 0.111, 0.111, 0.000
1, 257, 0.01, 2.4061, 0.000, 0.110, 0.110, 0.000
1, 258, 0.01, 2.2763, 0.000, 0.110, 0.110, 0.000
1, 259, 0.01, 2.3183, 0.000, 0.109, 0.109, 0.000
1, 260, 0.01, 2.2795, 0.000, 0.109, 0.109, 0.000
1, 261, 0.01, 2.1471, 0.667, 0.111, 0.111, 0.000
1, 262, 0.01, 2.2895, 0.000, 0.111, 0.111, 0.000
1, 263, 0.01, 2.2933, 0.000, 0.110, 0.110, 0.000
1, 264, 0.01, 2.2814, 0.000, 0.110, 0.110, 0.000
1, 265, 0.01, 2.2908, 0.000, 0.109, 0.109, 0.000
1, 266, 0.01, 2.2568, 0.000, 0.109, 0.109, 0.000
1, 267, 0.01, 2.3544, 0.000, 0.109, 0.109, 0.000
1, 268, 0.01, 2.4586, 0.000, 0.108, 0.108, 0.000
1, 269, 0.01, 2.3333, 0.000, 0.108, 0.108, 0.000
1, 270, 0.01, 2.4249, 0.000, 0.107, 0.107, 0.000
1, 271, 0.01, 2.3935, 0.333, 0.108, 0.108, 0.000
1, 272, 0.01, 2.2936, 0.000, 0.108, 0.108, 0.000
1, 273, 0.01, 2.3177, 0.000, 0.107, 0.107, 0.000
1, 274, 0.01, 2.2216, 0.000, 0.107, 0.107, 0.000
1, 275, 0.01, 2.1920, 0.333, 0.108, 0.108, 0.000
1, 276, 0.01, 2.4621, 0.000, 0.107, 0.107, 0.000
1, 277, 0.01, 2.3704, 0.000, 0.107, 0.107, 0.000
1, 278, 0.01, 2.2213, 0.333, 0.108, 0.108, 0.000
1, 279, 0.01, 2.4295, 0.000, 0.108, 0.108, 0.000
1, 280, 0.01, 2.3986, 0.000, 0.107, 0.107, 0.000
1, 281, 0.01, 2.3218, 0.333, 0.108, 0.108, 0.000
1, 282, 0.01, 2.3246, 0.000, 0.108, 0.108, 0.000
1, 283, 0.01, 2.3640, 0.000, 0.107, 0.107, 0.000
1, 284, 0.01, 2.2945, 0.333, 0.108, 0.108, 0.000
1, 285, 0.01, 2.3065, 0.000, 0.108, 0.108, 0.000
1, 286, 0.01, 2.3544, 0.000, 0.107, 0.107, 0.000
1, 287, 0.01, 2.3053, 0.000, 0.107, 0.107, 0.000
1, 288, 0.01, 2.2503, 0.667, 0.109, 0.109, 0.000
1, 289, 0.01, 2.2972, 0.000, 0.108, 0.108, 0.000
1, 290, 0.01, 2.3110, 0.333, 0.109, 0.109, 0.000
1, 291, 0.01, 2.3493, 0.000, 0.109, 0.109, 0.000
1, 292, 0.01, 2.2542, 0.333, 0.110, 0.110, 0.000
1, 293, 0.01, 2.3101, 0.000, 0.109, 0.109, 0.000
1, 294, 0.01, 2.2046, 0.333, 0.110, 0.110, 0.000
1, 295, 0.01, 2.2134, 0.333, 0.111, 0.111, 0.000
1, 296, 0.01, 2.4686, 0.000, 0.110, 0.110, 0.000
1, 297, 0.01, 2.2993, 0.000, 0.110, 0.110, 0.000
1, 298, 0.01, 2.3509, 0.000, 0.110, 0.110, 0.000
1, 299, 0.01, 2.3528, 0.000, 0.109, 0.109, 0.000
1, 300, 0.01, 2.2186, 0.333, 0.110, 0.110, 0.000
1, 301, 0.01, 2.4976, 0.000, 0.110, 0.110, 0.000
1, 302, 0.01, 2.1631, 0.333, 0.110, 0.110, 0.000
1, 303, 0.01, 2.3161, 0.000, 0.110, 0.110, 0.000
1, 304, 0.01, 2.2894, 0.000, 0.110, 0.110, 0.000
1, 305, 0.01, 2.2557, 0.000, 0.109, 0.109, 0.000
1, 306, 0.01, 2.3343, 0.000, 0.109, 0.109, 0.000
1, 307, 0.01, 2.2394, 0.000, 0.109, 0.109, 0.000
1, 308, 0.01, 2.4285, 0.000, 0.108, 0.108, 0.000
1, 309, 0.01, 2.3199, 0.333, 0.109, 0.109, 0.000
1, 310, 0.01, 2.2177, 0.000, 0.109, 0.109, 0.000
1, 311, 0.01, 2.3666, 0.000, 0.108, 0.108, 0.000
1, 312, 0.01, 2.2754, 0.000, 0.108, 0.108, 0.000
1, 313, 0.01, 2.2075, 0.667, 0.110, 0.110, 0.000
1, 314, 0.01, 2.2275, 0.000, 0.109, 0.109, 0.000
1, 315, 0.01, 2.5141, 0.000, 0.109, 0.109, 0.000
1, 316, 0.01, 2.3737, 0.000, 0.109, 0.109, 0.000
1, 317, 0.01, 2.5097, 0.000, 0.108, 0.108, 0.000
1, 318, 0.01, 2.2371, 0.000, 0.108, 0.108, 0.000
1, 319, 0.01, 2.5130, 0.000, 0.108, 0.108, 0.000
1, 320, 0.01, 2.4779, 0.000, 0.107, 0.107, 0.000
1, 321, 0.01, 2.5108, 0.000, 0.107, 0.107, 0.000
1, 322, 0.01, 2.0584, 1.000, 0.110, 0.110, 0.000
1, 323, 0.01, 2.2272, 0.000, 0.109, 0.109, 0.000
1, 324, 0.01, 2.4626, 0.000, 0.109, 0.109, 0.000
1, 325, 0.01, 2.3453, 0.000, 0.109, 0.109, 0.000
1, 326, 0.01, 2.2556, 0.000, 0.108, 0.108, 0.000
1, 327, 0.01, 2.3094, 0.000, 0.108, 0.108, 0.000
1, 328, 0.01, 2.3711, 0.000, 0.108, 0.108, 0.000
1, 329, 0.01, 2.3182, 0.333, 0.108, 0.108, 0.000
1, 330, 0.01, 2.3068, 0.000, 0.108, 0.108, 0.000
1, 331, 0.01, 2.2943, 0.000, 0.108, 0.108, 0.000
1, 332, 0.01, 2.3403, 0.000, 0.107, 0.107, 0.000
1, 333, 0.01, 2.2881, 0.000, 0.107, 0.107, 0.000
1, 334, 0.01, 2.3798, 0.000, 0.107, 0.107, 0.000
1, 335, 0.01, 2.2949, 0.333, 0.107, 0.107, 0.000
1, 336, 0.01, 2.2959, 0.000, 0.107, 0.107, 0.000
1, 337, 0.01, 2.3297, 0.000, 0.107, 0.107, 0.000
1, 338, 0.01, 2.2865, 0.000, 0.107, 0.107, 0.000
1, 339, 0.01, 2.2703, 0.000, 0.106, 0.106, 0.000
1, 340, 0.01, 2.2834, 0.333, 0.107, 0.107, 0.000
1, 341, 0.01, 2.4223, 0.000, 0.107, 0.107, 0.000
1, 342, 0.01, 2.2393, 0.333, 0.107, 0.107, 0.000
1, 343, 0.01, 2.3428, 0.000, 0.107, 0.107, 0.000
1, 344, 0.01, 2.3827, 0.000, 0.107, 0.107, 0.000
1, 345, 0.01, 2.2495, 0.000, 0.106, 0.106, 0.000
1, 346, 0.01, 2.3307, 0.000, 0.106, 0.106, 0.000
1, 347, 0.01, 2.3682, 0.000, 0.106, 0.106, 0.000
1, 348, 0.01, 2.2030, 0.333, 0.106, 0.106, 0.000
1, 349, 0.01, 2.1485, 0.667, 0.108, 0.108, 0.000
1, 350, 0.01, 2.1664, 0.333, 0.109, 0.109, 0.000
2, 1, 0.01, 2.3590, 0.000, 0.000, 0.108, 0.100
2, 2, 0.01, 2.2311, 0.000, 0.000, 0.108, 0.100
2, 3, 0.01, 2.3280, 0.000, 0.000, 0.108, 0.100
2, 4, 0.01, 2.4897, 0.000, 0.000, 0.107, 0.100
2, 5, 0.01, 2.2618, 0.000, 0.000, 0.107, 0.100
2, 6, 0.01, 2.2401, 0.000, 0.000, 0.107, 0.100
2, 7, 0.01, 2.1945, 0.000, 0.000, 0.106, 0.100
2, 8, 0.01, 2.1496, 0.667, 0.083, 0.108, 0.100
2, 9, 0.01, 2.1794, 0.333, 0.111, 0.109, 0.100
2, 10, 0.01, 2.3039, 0.000, 0.100, 0.108, 0.100
2, 11, 0.01, 2.2272, 0.000, 0.091, 0.108, 0.100
2, 12, 0.01, 2.3739, 0.333, 0.111, 0.109, 0.100
2, 13, 0.01, 2.1238, 0.667, 0.154, 0.110, 0.100
2, 14, 0.01, 2.4061, 0.000, 0.143, 0.110, 0.100
2, 15, 0.01, 2.3175, 0.333, 0.156, 0.111, 0.100
2, 16, 0.01, 1.8285, 0.667, 0.188, 0.112, 0.100
2, 17, 0.01, 2.4764, 0.000, 0.176, 0.112, 0.100
2, 18, 0.01, 2.1983, 0.000, 0.167, 0.111, 0.100
2, 19, 0.01, 2.6814, 0.000, 0.158, 0.111, 0.100
2, 20, 0.01, 2.5754, 0.000, 0.150, 0.111, 0.100
2, 21, 0.01, 2.2627, 0.000, 0.143, 0.111, 0.100
2, 22, 0.01, 2.7629, 0.000, 0.136, 0.110, 0.100
2, 23, 0.01, 2.2899, 0.333, 0.145, 0.111, 0.100
2, 24, 0.01, 2.4432, 0.000, 0.139, 0.111, 0.100
2, 25, 0.01, 2.6131, 0.000, 0.133, 0.110, 0.100
2, 26, 0.01, 2.0660, 0.333, 0.141, 0.111, 0.100
2, 27, 0.01, 2.4109, 0.000, 0.136, 0.111, 0.100
2, 28, 0.01, 2.1945, 0.333, 0.143, 0.111, 0.100
2, 29, 0.01, 2.3572, 0.000, 0.138, 0.111, 0.100
2, 30, 0.01, 2.2321, 0.000, 0.133, 0.111, 0.100
2, 31, 0.01, 2.3191, 0.000, 0.129, 0.110, 0.100
2, 32, 0.01, 2.3038, 0.000, 0.125, 0.110, 0.100
2, 33, 0.01, 2.1841, 0.000, 0.121, 0.110, 0.100
2, 34, 0.01, 2.3819, 0.000, 0.118, 0.109, 0.100
2, 35, 0.01, 2.2772, 0.000, 0.114, 0.109, 0.100
2, 36, 0.01, 2.4173, 0.000, 0.111, 0.109, 0.100
2, 37, 0.01, 2.1458, 0.667, 0.126, 0.110, 0.100
2, 38, 0.01, 2.2502, 0.000, 0.123, 0.110, 0.100
2, 39, 0.01, 2.3510, 0.000, 0.120, 0.110, 0.100
2, 40, 0.01, 2.3120, 0.333, 0.125, 0.110, 0.100
2, 41, 0.01, 2.3522, 0.000, 0.122, 0.110, 0.100
2, 42, 0.01, 2.2655, 0.000, 0.119, 0.110, 0.100
2, 43, 0.01, 2.2381, 0.333, 0.124, 0.110, 0.100
2, 44, 0.01, 2.3629, 0.000, 0.121, 0.110, 0.100
2, 45, 0.01, 2.2729, 0.000, 0.119, 0.110, 0.100
2, 46, 0.01, 2.3777, 0.000, 0.116, 0.109, 0.100
2, 47, 0.01, 2.4492, 0.000, 0.113, 0.109, 0.100
2, 48, 0.01, 2.3186, 0.000, 0.111, 0.109, 0.100
2, 49, 0.01, 2.2763, 0.000, 0.109, 0.109, 0.100
2, 50, 0.01, 2.4015, 0.333, 0.113, 0.109, 0.100
2, 51, 0.01, 2.2756, 0.000, 0.111, 0.109, 0.100
2, 52, 0.01, 2.2536, 0.333, 0.115, 0.109, 0.100
2, 53, 0.01, 2.2333, 0.000, 0.113, 0.109, 0.100
2, 54, 0.01, 2.3211, 0.000, 0.111, 0.109, 0.100
2, 55, 0.01, 2.3031, 0.333, 0.115, 0.109, 0.100
2, 56, 0.01, 2.2877, 0.333, 0.119, 0.110, 0.100
2, 57, 0.01, 2.3042, 0.000, 0.117, 0.110, 0.100
2, 58, 0.01, 2.3400, 0.000, 0.115, 0.109, 0.100
2, 59, 0.01, 2.2598, 0.000, 0.113, 0.109, 0.100
2, 60, 0.01, 2.3674, 0.000, 0.111, 0.109, 0.100
2, 61, 0.01, 2.2229, 0.333, 0.115, 0.109, 0.100
2, 62, 0.01, 2.3058, 0.000, 0.113, 0.109, 0.100
2, 63, 0.01, 2.3426, 0.000, 0.111, 0.109, 0.100
2, 64, 0.01, 2.2285, 0.333, 0.115, 0.110, 0.100
2, 65, 0.01, 2.1810, 0.333, 0.118, 0.110, 0.100
2, 66, 0.01, 2.2451, 0.333, 0.121, 0.111, 0.100
2, 67, 0.01, 2.3153, 0.333, 0.124, 0.111, 0.100
2, 68, 0.01, 2.4978, 0.000, 0.123, 0.111, 0.100
2, 69, 0.01, 2.3862, 0.000, 0.121, 0.111, 0.100
2, 70, 0.01, 2.4658, 0.000, 0.119, 0.110, 0.100
2, 71, 0.01, 2.2080, 0.333, 0.122, 0.111, 0.100
2, 72, 0.01, 2.1175, 0.333, 0.125, 0.111, 0.100
2, 73, 0.01, 2.2690, 0.000, 0.123, 0.111, 0.100
2, 74, 0.01, 2.3659, 0.333, 0.126, 0.112, 0.100
2, 75, 0.01, 2.4878, 0.000, 0.124, 0.111, 0.100
2, 76, 0.01, 2.2068, 0.000, 0.123, 0.111, 0.100
2, 77, 0.01, 2.2999, 0.000, 0.121, 0.111, 0.100
2, 78, 0.01, 2.3008, 0.000, 0.120, 0.111, 0.100
2, 79, 0.01, 2.3388, 0.000, 0.118, 0.110, 0.100
2, 80, 0.01, 2.2292, 0.333, 0.121, 0.111, 0.100
2, 81, 0.01, 2.1167, 0.333, 0.123, 0.111, 0.100
2, 82, 0.01, 2.2146, 0.000, 0.122, 0.111, 0.100
2, 83, 0.01, 2.3247, 0.000, 0.120, 0.111, 0.100
2, 84, 0.01, 2.2238, 0.000, 0.119, 0.111, 0.100
2, 85, 0.01, 2.3616, 0.000, 0.118, 0.110, 0.100
2, 86, 0.01, 2.5713, 0.000, 0.116, 0.110, 0.100
2, 87, 0.01, 2.3096, 0.000, 0.115, 0.110, 0.100
2, 88, 0.01, 2.2634, 0.000, 0.114, 0.110, 0.100
2, 89, 0.01, 2.2932, 0.000, 0.112, 0.109, 0.100
2, 90, 0.01, 2.1574, 0.333, 0.115, 0.110, 0.100
2, 91, 0.01, 2.3776, 0.000, 0.114, 0.110, 0.100
2, 92, 0.01, 2.3601, 0.000, 0.112, 0.109, 0.100
2, 93, 0.01, 2.2527, 0.000, 0.111, 0.109, 0.100
2, 94, 0.01, 2.2294, 0.333, 0.113, 0.110, 0.100
2, 95, 0.01, 2.4001, 0.333, 0.116, 0.110, 0.100
2, 96, 0.01, 2.3815, 0.000, 0.115, 0.110, 0.100
2, 97, 0.01, 2.3121, 0.000, 0.113, 0.110, 0.100
2, 98, 0.01, 2.3476, 0.333, 0.116, 0.110, 0.100
2, 99, 0.01, 2.2680, 0.000, 0.114, 0.110, 0.100
2, 100, 0.01, 2.3167, 0.333, 0.117, 0.110, 0.100
2, 101, 0.01, 2.2376, 0.000, 0.116, 0.110, 0.100
2, 102, 0.01, 2.3068, 0.000, 0.114, 0.110, 0.100
2, 103, 0.01, 2.2254, 0.000, 0.113, 0.110, 0.100
2, 104, 0.01, 2.3204, 0.000, 0.112, 0.109, 0.100
2, 105, 0.01, 2.2826, 0.000, 0.111, 0.109, 0.100
2, 106, 0.01, 2.3216, 0.000, 0.110, 0.109, 0.100
2, 107, 0.01, 2.3608, 0.000, 0.109, 0.109, 0.100
2, 108, 0.01, 2.1839, 0.333, 0.111, 0.109, 0.100
2, 109, 0.01, 2.2389, 0.000, 0.110, 0.109, 0.100
2, 110, 0.01, 2.3204, 0.000, 0.109, 0.109, 0.100
2, 111, 0.01, 2.2150, 0.333, 0.111, 0.109, 0.100
2, 112, 0.01, 2.1738, 0.667, 0.116, 0.110, 0.100
2, 113, 0.01, 2.2251, 0.000, 0.115, 0.110, 0.100
2, 114, 0.01, 2.2665, 0.000, 0.114, 0.110, 0.100
2, 115, 0.01, 2.4356, 0.000, 0.113, 0.110, 0.100
2, 116, 0.01, 2.4047, 0.000, 0.112, 0.109, 0.100
2, 117, 0.01, 2.2258, 0.000, 0.111, 0.109, 0.100
2, 118, 0.01, 2.4105, 0.000, 0.110, 0.109, 0.100
2, 119, 0.01, 2.2762, 0.000, 0.109, 0.109, 0.100
2, 120, 0.01, 2.2534, 0.000, 0.108, 0.109, 0.100
2, 121, 0.01, 2.2363, 0.667, 0.113, 0.110, 0.100
2, 122, 0.01, 2.3555, 0.333, 0.115, 0.110, 0.100
2, 123, 0.01, 2.3886, 0.000, 0.114, 0.110, 0.100
2, 124, 0.01, 2.2956, 0.000, 0.113, 0.110, 0.100
2, 125, 0.01, 2.2881, 0.000, 0.112, 0.109, 0.100
2, 126, 0.01, 2.2588, 0.000, 0.111, 0.109, 0.100
2, 127, 0.01, 2.4371, 0.000, 0.110, 0.109, 0.100
2, 128, 0.01, 2.3082, 0.333, 0.112, 0.109, 0.100
2, 129, 0.01, 2.2168, 0.000, 0.111, 0.109, 0.100
2, 130, 0.01, 2.2794, 0.000, 0.110, 0.109, 0.100
2, 131, 0.01, 2.1878, 0.333, 0.112, 0.109, 0.100
2, 132, 0.01, 2.3742, 0.000, 0.111, 0.109, 0.100
2, 133, 0.01, 2.2670, 0.000, 0.110, 0.109, 0.100
2, 134, 0.01, 2.3320, 0.000, 0.109, 0.109, 0.100
2, 135, 0.01, 2.1959, 0.000, 0.109, 0.109, 0.100
2, 136, 0.01, 2.3334, 0.000, 0.108, 0.108, 0.100
2, 137, 0.01, 2.4167, 0.000, 0.107, 0.108, 0.100
2, 138, 0.01, 2.3482, 0.000, 0.106, 0.108, 0.100
2, 139, 0.01, 2.2199, 0.000, 0.106, 0.108, 0.100
2, 140, 0.01, 2.2234, 0.000, 0.105, 0.107, 0.100
2, 141, 0.01, 2.3276, 0.000, 0.104, 0.107, 0.100
2, 142, 0.01, 1.6294, 0.333, 0.106, 0.108, 0.100
2, 143, 0.01, 2.2355, 0.000, 0.105, 0.108, 0.100
2, 144, 0.01, 2.4311, 0.000, 0.104, 0.107, 0.100
2, 145, 0.01, 2.3182, 0.000, 0.103, 0.107, 0.100
2, 146, 0.01, 2.2167, 0.333, 0.105, 0.108, 0.100
2, 147, 0.01, 2.0768, 0.333, 0.107, 0.108, 0.100
2, 148, 0.01, 2.1138, 0.333, 0.108, 0.108, 0.100
2, 149, 0.01, 2.5978, 0.000, 0.107, 0.108, 0.100
2, 150, 0.01, 1.5940, 0.333, 0.109, 0.109, 0.100
2, 151, 0.01, 2.4651, 0.000, 0.108, 0.108, 0.100
2, 152, 0.01, 1.4329, 0.333, 0.110, 0.109, 0.100
2, 153, 0.01, 1.9381, 0.333, 0.111, 0.109, 0.100
2, 154, 0.01, 2.1872, 0.667, 0.115, 0.110, 0.100
2, 155, 0.01, 2.3761, 0.000, 0.114, 0.110, 0.100
2, 156, 0.01, 2.2882, 0.333, 0.115, 0.111, 0.100
2, 157, 0.01, 2.2714, 0.000, 0.115, 0.110, 0.100
2, 158, 0.01, 2.7273, 0.333, 0.116, 0.111, 0.100
2, 159, 0.01, 2.2829, 0.000, 0.115, 0.111, 0.100
2, 160, 0.01, 1.9324, 0.333, 0.117, 0.111, 0.100
2, 161, 0.01, 2.2398, 0.000, 0.116, 0.111, 0.100
2, 162, 0.01, 2.8171, 0.000, 0.115, 0.111, 0.100
2, 163, 0.01, 2.7314, 0.000, 0.115, 0.110, 0.100
2, 164, 0.01, 2.2079, 0.333, 0.116, 0.111, 0.100
2, 165, 0.01, 2.2252, 0.333, 0.117, 0.111, 0.100
2, 166, 0.01, 2.3903, 0.333, 0.118, 0.112, 0.100
2, 167, 0.01, 2.4462, 0.000, 0.118, 0.112, 0.100
2, 168, 0.01, 2.2277, 0.000, 0.117, 0.111, 0.100
2, 169, 0.01, 2.5154, 0.000, 0.116, 0.111, 0.100
2, 170, 0.01, 2.2707, 0.000, 0.116, 0.111, 0.100
2, 171, 0.01, 2.1533, 0.000, 0.115, 0.111, 0.100
2, 172, 0.01, 2.1532, 0.333, 0.116, 0.111, 0.100
2, 173, 0.01, 2.0443, 0.000, 0.116, 0.111, 0.100
2, 174, 0.01, 2.2243, 0.000, 0.115, 0.111, 0.100
2, 175, 0.01, 2.1028, 0.000, 0.114, 0.110, 0.100
2, 176, 0.01, 2.0954, 0.333, 0.116, 0.111, 0.100
2, 177, 0.01, 2.1933, 0.000, 0.115, 0.111, 0.100
2, 178, 0.01, 2.1143, 0.333, 0.116, 0.111, 0.100
2, 179, 0.01, 2.5764, 0.000, 0.115, 0.111, 0.100
2, 180, 0.01, 1.9129, 0.333, 0.117, 0.111, 0.100
2, 181, 0.01, 2.1419, 0.000, 0.116, 0.111, 0.100
2, 182, 0.01, 2.1831, 0.333, 0.117, 0.112, 0.100
2, 183, 0.01, 2.0896, 0.000, 0.117, 0.111, 0.100
2, 184, 0.01, 2.0824, 0.333, 0.118, 0.112, 0.100
2, 185, 0.01, 2.2789, 0.000, 0.117, 0.112, 0.100
2, 186, 0.01, 2.6123, 0.000, 0.116, 0.111, 0.100
2, 187, 0.01, 1.9361, 0.333, 0.118, 0.112, 0.100
2, 188, 0.01, 1.8646, 0.333, 0.119, 0.112, 0.100
2, 189, 0.01, 1.7867, 0.667, 0.122, 0.113, 0.100
2, 190, 0.01, 2.2998, 0.000, 0.121, 0.113, 0.100
2, 191, 0.01, 1.1972, 1.000, 0.126, 0.115, 0.100
2, 192, 0.01, 1.9542, 0.333, 0.127, 0.115, 0.100
2, 193, 0.01, 1.6492, 0.667, 0.130, 0.116, 0.100
2, 194, 0.01, 2.3940, 0.000, 0.129, 0.116, 0.100
2, 195, 0.01, 2.3771, 0.333, 0.130, 0.116, 0.100
2, 196, 0.01, 2.2744, 0.000, 0.129, 0.116, 0.100
2, 197, 0.01, 1.1663, 0.667, 0.132, 0.117, 0.100
2, 198, 0.01, 2.4210, 0.000, 0.131, 0.117, 0.100
2, 199, 0.01, 2.7364, 0.000, 0.131, 0.117, 0.100
2, 200, 0.01, 2.2603, 0.000, 0.130, 0.116, 0.100
2, 201, 0.01, 2.7379, 0.000, 0.129, 0.116, 0.100
2, 202, 0.01, 2.2182, 0.333, 0.130, 0.117, 0.100
2, 203, 0.01, 2.3499, 0.000, 0.130, 0.116, 0.100
2, 204, 0.01, 2.9819, 0.000, 0.129, 0.116, 0.100
2, 205, 0.01, 1.6514, 0.333, 0.130, 0.117, 0.100
2, 206, 0.01, 2.4568, 0.000, 0.129, 0.116, 0.100
2, 207, 0.01, 2.2589, 0.000, 0.129, 0.116, 0.100
2, 208, 0.01, 2.4467, 0.000, 0.128, 0.116, 0.100
2, 209, 0.01, 2.5537, 0.000, 0.128, 0.116, 0.100
2, 210, 0.01, 2.4428, 0.333, 0.129, 0.116, 0.100
2, 211, 0.01, 2.4284, 0.000, 0.128, 0.116, 0.100
2, 212, 0.01, 2.1578, 0.000, 0.127, 0.116, 0.100
2, 213, 0.01, 1.9808, 0.333, 0.128, 0.116, 0.100
2, 214, 0.01, 2.0158, 0.667, 0.131, 0.117, 0.100
2, 215, 0.01, 1.4900, 0.333, 0.132, 0.117, 0.100
2, 216, 0.01, 2.6740, 0.000, 0.131, 0.117, 0.100
2, 217, 0.01, 2.4768, 0.000, 0.131, 0.117, 0.100
2, 218, 0.01, 2.2453, 0.333, 0.131, 0.117, 0.100
2, 219, 0.01, 2.0936, 0.000, 0.131, 0.117, 0.100
2, 220, 0.01, 2.4358, 0.000, 0.130, 0.117, 0.100
2, 221, 0.01, 2.1305, 0.000, 0.130, 0.117, 0.100
